Country,Country_Subdivision_Primary,Country_Subdivision_Secondary,Spend_USD,Spend_EUR,Spend_INR,Spend_BGN,Spend_HRK,Spend_CZK,Spend_DKK,Spend_HUF,Spend_PLN,Spend_RON,Spend_SEK,Spend_GBP,Spend_NZD
AT,,,1223600,1076750,86764750,2129050,8087900,27996000,8124500,348307500,4674100,5175750,11343000,929950,1823200
BE,,,450700,396600,31956500,784150,2978900,10311000,2992500,128287500,1721500,1906275,4177500,342500,671400
BG,,,10100,8850,714750,17550,66600,231000,67000,2872500,38500,42675,93750,7650,15000
CY,,,6800,5950,480750,11800,44800,155000,45000,1927500,25900,28650,63000,5150,10200
CZ,,,194000,170750,13757750,337600,1282500,4439000,1288500,55230000,741100,820725,1798500,147450,289000
DE,,,1128600,993200,80031250,1963825,7460300,25823000,7494000,321277500,4311400,4774125,10462500,857750,1681600
DK,,,705100,620500,49998750,1226875,4660700,16133000,4682000,200715000,2693500,2982600,6536250,535900,1050600
EE,,,24000,21100,1700000,41725,158500,549000,159000,6825000,91600,101400,222000,18200,35800
ES,,,1184500,1042350,83992750,2061025,7829500,27101000,7865000,337177500,4524800,5010450,10980000,900200,1765000
FI,,,237700,209150,16853500,413550,1571000,5438000,1578000,67657500,907900,1005375,2203500,180650,354200
FR,,,19600,17250,1391750,34150,129700,449000,130500,5587500,75000,83025,182250,14900,29200
GB,,,1926800,1695550,136628250,3352600,12736000,44085000,12794000,548475000,7360300,8150325,17861250,1464350,2871000
GR,,,1195300,1051850,84759000,2079825,7901000,27349000,7937000,340252500,4566100,5056125,11080500,908450,1781000
HR,,,273800,240950,19416250,476425,1809900,6265000,1818000,77947500,1046000,1158225,2538000,208100,408000
HU,,,105400,92750,7473000,183375,696600,2411000,700000,30000000,402600,445800,977250,80100,157000
IE,,,94700,83350,6715500,164800,626000,2167000,629000,26962500,361800,400575,878250,72000,141200
IN,IN-AN,,5600,4950,399500,9800,37200,129000,37500,1605000,21500,23850,52500,4300,8400
IN,IN-AP,,737200,648700,52273500,1282700,4872800,16867000,4895000,209842500,2816000,3118275,6834000,560250,1098400
IN,IN-AR,,5600,4950,400500,9825,37300,129000,37500,1605000,21600,23850,52500,4300,8400
IN,IN-AS,,21200,18650,1501250,36850,140000,484000,140500,6030000,80900,89550,196500,16100,31600
IN,IN-BR,,204500,179950,14502000,355850,1351800,4679000,1358000,58215000,781200,865125,1896000,155450,304800
IN,IN-CH,,107100,94250,7595500,186375,708000,2451000,711500,30495000,409200,453075,993000,81400,159600
IN,IN-CT,,15500,13650,1099500,26975,102500,355000,103000,4417500,59200,65625,144000,11800,23200
IN,IN-DD,,5800,5100,410250,10075,38200,132000,38500,1650000,22100,24450,54000,4400,8600
IN,IN-DL,,902200,793900,63971500,1569750,5963200,20641000,5990500,256807500,3446200,3816075,8363250,685650,1344200
IN,IN-DN,,5800,5100,411500,10100,38400,133000,38500,1650000,22200,24525,54000,4400,8600
IN,IN-GA,,6700,5900,473500,11625,44100,153000,44500,1897500,25500,28275,62250,5100,10000
IN,IN-GJ,,108600,95600,7703250,189025,718100,2486000,721500,30922500,415000,459525,1007250,82550,161800
IN,IN-HP,,42700,37600,3029500,74325,282400,977000,283500,12165000,163200,180750,396000,32450,63600
IN,IN-HR,,143100,125900,10146000,248975,945800,3274000,950000,40732500,546600,605250,1326750,108750,213200
IN,IN-JH,,25500,22450,1808750,44375,168600,584000,169500,7260000,97400,107925,236250,19400,38000
IN,IN-JK,,15800,13950,1123250,27575,104700,362000,105000,4507500,60500,67050,147000,12050,23600
IN,IN-KA,,49400,43500,3504000,85975,326600,1131000,328000,14062500,188800,209025,458250,37550,73600
IN,IN-KL,,34100,30000,2418000,59325,225400,780000,226500,9705000,130300,144225,315750,25900,50800
IN,IN-LD,,5600,4950,397000,9750,37000,128000,37000,1590000,21400,23700,51750,4250,8400
IN,IN-MH,,428500,377100,30384750,745575,2832400,9804000,2845000,121972500,1636900,1812525,3972000,325650,638400
IN,IN-ML,,5900,5200,418000,10250,39000,135000,39000,1680000,22500,24900,54750,4500,8800
IN,IN-MN,,7300,6400,516750,12675,48200,167000,48500,2077500,27800,30825,67500,5550,10800
IN,IN-MP,,201900,177700,14319250,351375,1334800,4620000,1341000,57480000,771400,854175,1872000,153450,300800
IN,IN-MZ,,5700,5050,407750,10000,38000,132000,38000,1635000,22000,24300,53250,4350,8600
IN,IN-NL,,5700,5000,403750,9900,37600,130000,38000,1620000,21800,24075,52500,4350,8400
IN,IN-OR,,26400,23250,1874000,45975,174700,605000,175500,7522500,101000,111825,245250,20100,39400
IN,IN-PB,,96900,85300,6872000,168625,640600,2217000,643500,27585000,370200,409950,898500,73650,144400
IN,IN-PY,,6200,5450,439750,10800,41000,142000,41000,1762500,23700,26250,57750,4700,9200
IN,IN-RJ,,203100,178750,14402500,353400,1342500,4647000,1348500,57817500,775900,859125,1882500,154350,302600
IN,IN-SK,,5700,4950,400750,9825,37300,129000,37500,1605000,21600,23925,52500,4300,8400
IN,IN-TG,,298000,262250,21131500,518525,1969800,6818000,1979000,84832500,1138400,1260525,2762250,226500,444000
IN,IN-TN,,732000,644150,51906750,1273700,4838600,16748000,4860500,208372500,2796300,3096375,6786000,556350,1090600
IN,IN-TR,,6700,5900,474000,11625,44200,153000,44500,1905000,25500,28275,62250,5100,10000
IN,IN-UP,,276300,243200,19595750,480850,1826600,6323000,1835000,78667500,1055600,1168950,2562000,210000,411800
IN,IN-UT,,11800,10350,833500,20450,77700,269000,78000,3345000,44900,49725,108750,8950,17600
IN,IN-WB,,234900,206700,16657500,408750,1552800,5375000,1560000,66870000,897400,993675,2178000,178550,350000
IT,,,567400,499350,40237500,987350,3750800,12983000,3768000,161527500,2167600,2400300,5260500,431250,845400
LT,,,99500,87550,7056500,173150,657800,2277000,661000,28327500,380100,420975,922500,75650,148200
LU,,,1600,1450,115500,2825,10800,37000,11000,465000,6200,6900,15000,1250,2400
LV,,,15000,13250,1066250,26175,99400,344000,100000,4282500,57400,63600,139500,11450,22400
MT,,,600,550,42500,1050,4000,14000,4000,172500,2300,2550,5250,450,800
NL,,,163700,144050,11609250,284875,1082200,3746000,1087000,46605000,625400,692550,1518000,124450,244000
NZ,,,331000,291250,23470000,575900,2187800,7573000,2197500,94215000,1264400,1400025,3068250,251550,493200
PL,,,1040100,915350,73756750,1809850,6875400,23799000,6906500,296085000,3973400,4399800,9642000,790500,1549800
PT,,,1400,1250,99750,2450,9300,32000,9500,397500,5400,5925,12750,1050,2000
RO,,,1585500,1395250,112428500,2758800,10480200,36276000,10528000,451335000,6056700,6706725,14697750,1205000,2362400
SE,,,104600,92000,7414750,181950,691200,2392000,694500,29767500,399400,442350,969000,79450,155800
SI,,,6900,6100,491000,12050,45800,158000,46000,1972500,26500,29325,64500,5250,10400
SK,,,1280000,1126350,90762000,2227125,8460500,29285000,8499000,364350000,4889400,5414250,11865000,972750,1907200
US,US-AK,AK-AT LARGE,755100,664550,53547500,1313950,4991500,17278000,5014000,214957500,2884700,3194250,7000500,573900,1125200
US,US-AL,AL-1,571600,503050,40534250,994625,3778500,13079000,3795500,162720000,2183600,2418000,5298750,434450,851800
US,US-AL,AL-2,516400,454450,36617750,898525,3413400,11815000,3429000,147000000,1972600,2184375,4787250,392450,769400
US,US-AL,AL-3,572800,504050,40614500,996600,3785900,13105000,3803000,163042500,2187900,2422800,5309250,435300,853400
US,US-AL,AL-4,596000,524450,42259250,1036950,3939300,13635000,3957000,169642500,2276500,2520900,5524500,452950,888000
US,US-AL,AL-5,641100,564150,45457750,1115450,4237400,14668000,4256500,182482500,2448900,2711700,5943000,487200,955200
US,US-AL,AL-6,893500,786250,63355000,1554600,5905700,20442000,5932500,254332500,3413000,3779325,8282250,679050,1331200
US,US-AL,AL-7,461700,406300,32740500,803400,3052000,10564000,3066000,131430000,1763800,1953075,4280250,350900,688000
US,US-AR,AR-1,425300,374250,30156250,739975,2811100,9730000,2824000,121057500,1624500,1798875,3942000,323200,633600
US,US-AR,AR-2,758900,667850,53813500,1320475,5016300,17364000,5039000,216030000,2899000,3210150,7035000,576750,1130800
US,US-AR,AR-3,662400,582900,46970250,1152575,4378400,15156000,4398500,188557500,2530300,2801925,6140250,503400,987000
US,US-AR,AR-4,411200,361900,29160250,715550,2718200,9409000,2730500,117060000,1570900,1739475,3812250,312550,612800
US,US-AZ,AZ-1,2602000,2289750,184506250,4527450,17199100,59533000,17277000,740677500,9939600,11006400,24120000,1977500,3877000
US,US-AZ,AZ-2,1773800,1560950,125780500,3086425,11724900,40585000,11778000,504930000,6775900,7503225,16443000,1348100,2643000
US,US-AZ,AZ-3,1891800,1664750,134145500,3291675,12504600,43284000,12561500,538515000,7226600,8002200,17536500,1437750,2818800
US,US-AZ,AZ-4,2539100,2234400,180047750,4418025,16783500,58095000,16859500,722782500,9699400,10740375,23537250,1929700,3783200
US,US-AZ,AZ-5,1859100,1636000,131828000,3234825,12288600,42536000,12344500,529207500,7101700,7863975,17233500,1412900,2770000
US,US-AZ,AZ-6,2968600,2612350,210501500,5165325,19622300,67921000,19711500,845032500,11340000,12557100,27519000,2256100,4423200
US,US-AZ,AZ-7,3641900,3204900,258249500,6336975,24073200,83327000,24182500,1036710000,13912200,15405375,33760500,2767850,5426400
US,US-AZ,AZ-8,2195000,1931650,155650000,3819375,14509200,50222000,14575000,624840000,8385000,9285000,20348250,1668250,3270600
US,US-AZ,AZ-9,2056200,1809400,145802250,3577725,13591200,47045000,13653000,585307500,7854500,8697525,19060500,1562700,3063600
US,US-CA,CA-1,605600,532900,42940750,1053675,4002800,13855000,4021000,172380000,2313300,2561550,5613750,460250,902200
US,US-CA,CA-10,1156700,1017900,82022500,2012675,7645900,26466000,7680500,329272500,4418600,4892925,10722750,879100,1723600
US,US-CA,CA-11,923600,812800,65495500,1607150,6105300,21133000,6133000,262927500,3528300,3906975,8562000,701950,1376200
US,US-CA,CA-12,1828200,1608850,129639000,3181100,12084500,41830000,12139500,520417500,6983800,7733400,16947750,1389450,2724000
US,US-CA,CA-13,1192100,1049050,84533000,2074275,7879900,27276000,7915500,339345000,4553900,5042625,11051250,906000,1776200
US,US-CA,CA-14,872200,767550,61850000,1517675,5765500,19957000,5791500,248287500,3331900,3689550,8085750,662900,1299600
US,US-CA,CA-15,776900,683700,55091250,1351825,5135400,17776000,5158500,221160000,2967800,3286350,7202250,590450,1157600
US,US-CA,CA-16,522000,459400,37016500,908325,3450500,11944000,3466000,148597500,1994100,2208150,4839000,396750,777800
US,US-CA,CA-17,1476700,1299500,104713250,2569475,9761000,33787000,9805500,420360000,5641000,6246450,13689000,1122300,2200200
US,US-CA,CA-18,1078200,948850,76456750,1876100,7127000,24670000,7159500,306930000,4118800,4560900,9995250,819450,1606600
US,US-CA,CA-19,709300,624200,50299500,1234250,4688800,16230000,4710000,201922500,2709700,3000525,6575250,539100,1057000
US,US-CA,CA-2,870400,766000,61722750,1514575,5753600,19916000,5779500,247777500,3325100,3681975,8069250,661550,1297000
US,US-CA,CA-20,762300,670800,54052500,1326350,5038600,17441000,5061500,216990000,2911900,3224400,7066500,579300,1135800
US,US-CA,CA-21,831000,731300,58929500,1446025,5493200,19014000,5518000,236565000,3174600,3515325,7704000,631600,1238200
US,US-CA,CA-22,766900,674850,54377750,1334325,5068900,17546000,5092000,218295000,2929400,3243825,7108500,582800,1142600
US,US-CA,CA-23,499800,439800,35439000,869600,3303500,11435000,3318500,142267500,1909100,2114025,4632750,379850,744600
US,US-CA,CA-24,766000,674050,54316750,1332825,5063200,17526000,5086000,218047500,2926100,3240150,7101000,582150,1141400
US,US-CA,CA-25,1329000,1169500,94236500,2312375,8784400,30407000,8824500,378300000,5076600,5621475,12319500,1010000,1980200
US,US-CA,CA-26,779300,685800,55261250,1356000,5151300,17831000,5174500,221842500,2977000,3296475,7224000,592300,1161200
US,US-CA,CA-27,769100,676850,54540000,1338300,5084000,17598000,5107000,218947500,2938100,3253500,7130250,584550,1146000
US,US-CA,CA-28,1080700,950950,76629000,1880325,7143100,24725000,7175500,307620000,4128100,4571175,10017750,821300,1610200
US,US-CA,CA-29,950900,836750,67425000,1654475,6285100,21755000,6313500,270667500,3632300,4022100,8814750,722650,1416800
US,US-CA,CA-3,590700,519850,41888500,1027875,3904700,13516000,3922500,168157500,2256600,2498775,5475750,448950,880200
US,US-CA,CA-30,918400,808200,65124250,1598025,6070700,21013000,6098000,261435000,3508300,3884850,8514000,698000,1368400
US,US-CA,CA-31,775400,682350,54984000,1349200,5125400,17741000,5148500,220725000,2962100,3279975,7188000,589300,1155400
US,US-CA,CA-32,559600,492400,39679000,973650,3698800,12803000,3715500,159285000,2137600,2367000,5187000,425250,833800
US,US-CA,CA-33,1210100,1064850,85807000,2105550,7998700,27687000,8035000,344460000,4622500,5118675,11217750,919650,1803000
US,US-CA,CA-34,925600,814500,65631500,1610475,6118000,21177000,6145500,263467500,3535600,3915150,8580000,703450,1379000
US,US-CA,CA-35,718900,632600,50976500,1250875,4751900,16448000,4773500,204637500,2746200,3040875,6663750,546350,1071200
US,US-CA,CA-36,789900,695150,56015250,1374500,5221600,18074000,5245500,224865000,3017600,3341475,7323000,600350,1177000
US,US-CA,CA-37,826800,727600,58631000,1438700,5465400,18918000,5490000,235365000,3158500,3497550,7665000,628400,1232000
US,US-CA,CA-38,575300,506250,40793750,1001000,3802700,13163000,3820000,163762500,2197600,2433450,5333250,437200,857200
US,US-CA,CA-39,1218000,1071900,86371250,2119400,8051200,27869000,8088000,346725000,4652900,5152275,11291250,925700,1814800
US,US-CA,CA-4,841100,740200,59643250,1463525,5559800,19245000,5585000,239430000,3213100,3557925,7797000,639250,1253200
US,US-CA,CA-40,511600,450200,36276750,890175,3381600,11705000,3397000,145627500,1954300,2164050,4742250,388800,762200
US,US-CA,CA-41,635800,559500,45083750,1106275,4202600,14547000,4221500,180982500,2428700,2689350,5893500,483200,947400
US,US-CA,CA-42,636900,560450,45162500,1108200,4209900,14572000,4229000,181297500,2433000,2694075,5904000,484050,949000
US,US-CA,CA-43,1526100,1342950,108215250,2655400,10087500,34917000,10133500,434415000,5829700,6455400,14147250,1159850,2273800
US,US-CA,CA-44,557600,490750,39542500,970300,3686000,12759000,3703000,158737500,2130200,2358825,5169000,423800,830800
US,US-CA,CA-45,1834600,1614400,130088250,3192125,12126400,41975000,12181500,522225000,7008000,7760175,17006250,1394250,2733400
US,US-CA,CA-46,683600,601600,48476750,1189525,4518900,15642000,4539500,194602500,2611500,2891775,6337500,519550,1018600
US,US-CA,CA-47,781700,687900,55431500,1360175,5167100,17886000,5190500,222525000,2986200,3306675,7246500,594100,1164800
US,US-CA,CA-48,1731200,1523500,122762500,3012375,11443500,39611000,11495500,492817500,6613400,7323150,16048500,1315750,2579600
US,US-CA,CA-49,1165400,1025550,82640000,2027825,7703400,26665000,7738500,331747500,4451900,4929750,10803750,885700,1736400
US,US-CA,CA-5,746100,656550,52905500,1298200,4931700,17071000,4954000,212385000,2850100,3156000,6916500,567050,1111600
US,US-CA,CA-50,819300,721050,58100000,1425675,5415900,18747000,5440500,233235000,3129900,3465825,7595250,622700,1220800
US,US-CA,CA-51,676000,594900,47935250,1176250,4468400,15467000,4488500,192427500,2582300,2859450,6266250,513750,1007200
US,US-CA,CA-52,1073000,944250,76085250,1867000,7092400,24550000,7124500,305437500,4098800,4538700,9946500,815450,1598800
US,US-CA,CA-53,861700,758300,61103750,1499375,5695900,19716000,5721500,245295000,3291700,3645000,7988250,654900,1284000
US,US-CA,CA-6,1287600,1133100,91305000,2240450,8511200,29461000,8550000,366532500,4918700,5446650,11936250,978600,1918600
US,US-CA,CA-7,786100,691750,55742000,1367800,5196100,17986000,5219500,223770000,3002900,3325200,7287000,597450,1171200
US,US-CA,CA-8,786100,691750,55739250,1367725,5195800,17985000,5219500,223755000,3002700,3324975,7287000,597400,1171200
US,US-CA,CA-9,638800,562100,45295250,1111450,4222300,14615000,4241500,181830000,2440100,2702025,5921250,485450,951800
US,US-CO,CO-1,3281500,2887700,232689250,5709775,21690500,75080000,21789000,934102500,12535200,13880625,30419250,2493900,4889400
US,US-CO,CO-2,1413800,1244150,100251750,2460000,9345100,32347000,9387500,402450000,5400700,5980350,13105500,1074500,2106600
US,US-CO,CO-3,1104800,972200,78340250,1922325,7302600,25277000,7336000,314490000,4220300,4673250,10241250,839650,1646200
US,US-CO,CO-4,1266500,1114500,89807500,2203700,8371600,28978000,8409500,360525000,4838000,5357325,11740500,962550,1887000
US,US-CO,CO-5,1107500,974600,78533000,1927050,7320600,25340000,7354000,315262500,4230700,4684725,10266750,841700,1650200
US,US-CO,CO-6,1858400,1635400,131778500,3233600,12284000,42520000,12339500,529012500,7099100,7860975,17227500,1412400,2769000
US,US-CO,CO-7,1268500,1116300,89950250,2207225,8384900,29024000,8423000,361095000,4845700,5365800,11759250,964050,1890000
US,US-CT,CT-1,578000,508650,40986250,1005725,3820600,13225000,3838000,164535000,2208000,2444925,5358000,439300,861200
US,US-CT,CT-2,557300,490450,39520000,969750,3683900,12752000,3700500,158647500,2129000,2357475,5166750,423550,830400
US,US-CT,CT-3,519000,456700,36801500,903050,3430500,11874000,3446000,147735000,1982500,2195325,4811250,394450,773200
US,US-CT,CT-4,675600,594550,47908500,1175575,4465900,15458000,4486000,192322500,2580900,2857875,6263250,513450,1006600
US,US-CT,CT-5,522400,459700,37041750,908925,3452900,11952000,3468500,148702500,1995500,2209650,4842750,397000,778400
US,US-DC,DC-AT LARGE,2740800,2411900,194349250,4768975,18116600,62709000,18199000,780195000,10469800,11593500,25407000,2083000,4083800
US,US-DE,DE-AT LARGE,935800,823500,66358250,1628300,6185700,21411000,6214000,266385000,3574800,3958500,8675250,711200,1394400
US,US-FL,FL-1,1249900,1099950,88631500,2174850,8261900,28598000,8299500,355800000,4774700,5287125,11586750,949950,1862400
US,US-FL,FL-10,3010000,2648800,213438000,5237375,19896000,68868000,19986500,856822500,11498100,12732225,27902250,2287600,4484800
US,US-FL,FL-11,1375800,1210750,97560500,2393950,9094300,31479000,9135500,391642500,5255700,5819775,12753750,1045650,2050000
US,US-FL,FL-12,1480700,1303000,104994000,2576350,9787200,33878000,9831500,421485000,5656100,6263175,13725750,1125300,2206200
US,US-FL,FL-13,1449500,1275550,102784500,2522150,9581200,33165000,9624500,412620000,5537100,6131400,13437000,1101650,2159800
US,US-FL,FL-14,2294500,2019150,162703000,3992425,15166600,52498000,15235500,653152500,8765000,9705750,21270000,1743800,3418800
US,US-FL,FL-15,1450200,1276150,102830250,2523250,9585500,33179000,9629000,412800000,5539600,6134100,13443000,1102100,2160800
US,US-FL,FL-16,1610700,1417450,114217750,2802700,10647000,36854000,10695500,458512500,6153000,6813450,14931750,1224150,2400000
US,US-FL,FL-17,1167200,1027150,82768500,2030975,7715400,26706000,7750500,332265000,4458800,4937400,10820250,887100,1739200
US,US-FL,FL-18,1546200,1360600,109638000,2690300,10220100,35376000,10266500,440130000,5906300,6540225,14332500,1175100,2303800
US,US-FL,FL-19,1840000,1619250,130477500,3201675,12162700,42100000,12218000,523785000,7029000,7783425,17057250,1398450,2741600
US,US-FL,FL-2,1054200,927650,74751250,1834250,6968100,24119000,6999500,300082500,4026900,4459125,9772500,801150,1570800
US,US-FL,FL-20,1330100,1170500,94317000,2314375,8791900,30433000,8832000,378622500,5081000,5626275,12330000,1010850,1981800
US,US-FL,FL-21,1522700,1339950,107974000,2649475,10065000,34839000,10110500,433447500,5816700,6441000,14115000,1157250,2268800
US,US-FL,FL-22,1833100,1613100,129982750,3189525,12116600,41941000,12171500,521797500,7002300,7753875,16992750,1393150,2731200
US,US-FL,FL-23,1601300,1409100,113546250,2786200,10584400,36637000,10632500,455820000,6116900,6773400,14844000,1216950,2385800
US,US-FL,FL-24,2855200,2512550,202460000,4968000,18872700,65326000,18958500,812752500,10906700,12077325,26467500,2169950,4254200
US,US-FL,FL-25,1651000,1452900,117074750,2872800,10913300,37776000,10963000,469980000,6306900,6983850,15305250,1254800,2460000
US,US-FL,FL-26,1654300,1455800,117308750,2878550,10935100,37851000,10985000,470925000,6319600,6997800,15336000,1257300,2465000
US,US-FL,FL-27,2674700,2353750,189664250,4654000,17679900,61198000,17760000,761385000,10217400,11314050,24795000,2032800,3985400
US,US-FL,FL-3,1603000,1410600,113666500,2789175,10595600,36676000,10643500,456300000,6123300,6780525,14859750,1218250,2388400
US,US-FL,FL-4,2010100,1768900,142538750,3497625,13287000,45992000,13347500,572205000,7678700,8502900,18633750,1527700,2995200
US,US-FL,FL-5,894800,787450,63453250,1557025,5914900,20474000,5942000,254722500,3418300,3785175,8295000,680100,1333400
US,US-FL,FL-6,1790800,1575950,126988500,3116075,11837500,40974000,11891000,509782500,6841000,7575225,16601250,1361050,2668400
US,US-FL,FL-7,1848500,1626650,131074250,3216325,12218300,42293000,12274000,526185000,7061100,7818975,17135250,1404850,2754200
US,US-FL,FL-8,1546500,1360900,109661000,2690875,10222200,35383000,10268500,440220000,5907600,6541575,14335500,1175350,2304200
US,US-FL,FL-9,2045300,1799850,145029250,3558750,13519200,46796000,13580500,582202500,7812900,8651475,18959250,1554400,3047400
US,US-GA,GA-1,907900,798950,64377500,1579700,6001100,20772000,6028500,258435000,3468100,3840300,8415750,690000,1352800
US,US-GA,GA-10,940800,827900,66710000,1636950,6218500,21525000,6246500,267802500,3593700,3979425,8721000,715000,1401800
US,US-GA,GA-11,1056000,929300,74882000,1837475,6980300,24162000,7012000,300607500,4034000,4466925,9789000,802550,1573400
US,US-GA,GA-12,842400,741300,59732500,1465725,5568100,19273000,5593500,239790000,3217900,3563250,7809000,640200,1255200
US,US-GA,GA-13,1810800,1593550,128406500,3150850,11969600,41432000,12024000,515475000,6917400,7659825,16786500,1376250,2698200
US,US-GA,GA-14,806700,709900,57203750,1403675,5332400,18458000,5356500,229635000,3081600,3412350,7478250,613100,1202000
US,US-GA,GA-2,869900,765500,61683750,1513600,5750000,19903000,5776000,247620000,3323000,3679650,8064000,661100,1296200
US,US-GA,GA-3,1037700,913150,73580500,1805525,6858900,23742000,6890000,295380000,3963900,4389300,9618750,788600,1546200
US,US-GA,GA-4,1252200,1101950,88792750,2178800,8277000,28650000,8314500,356445000,4783400,5296725,11607750,951650,1865800
US,US-GA,GA-5,3080400,2710750,218429750,5359875,20361300,70479000,20453500,876862500,11767100,13030050,28555500,2341100,4589800
US,US-GA,GA-6,2448500,2154700,173626500,4260475,16184900,56023000,16258500,697005000,9353400,10357350,22698000,1860900,3648400
US,US-GA,GA-7,1636300,1439900,116028250,2847125,10815800,37438000,10865000,465780000,6250600,6921450,15168000,1243550,2438000
US,US-GA,GA-8,651000,572850,46160500,1132700,4302900,14894000,4322500,185310000,2486700,2753625,6034500,494750,970000
US,US-GA,GA-9,1052800,926500,74656250,1831925,6959200,24089000,6991000,299700000,4021800,4453500,9759750,800150,1568800
US,US-HI,HI-1,469200,412850,33268500,816350,3101200,10735000,3115500,133552500,1792200,1984575,4349250,356550,699000
US,US-HI,HI-2,403500,355050,28610500,702050,2667000,9231000,2679000,114855000,1541300,1706700,3740250,306650,601200
US,US-IA,IA-1,4046900,3561300,286966000,7041625,26750000,92593000,26871500,1151992500,15459200,17118375,37515000,3075650,6029800
US,US-IA,IA-2,3635500,3199250,257795250,6325825,24030800,83181000,24140000,1034887500,13887700,15378300,33701250,2763000,5417000
US,US-IA,IA-3,4667000,4106950,330936500,8120575,30848800,106781000,30989000,1328505000,17827900,19741350,43263000,3546900,6953800
US,US-IA,IA-4,2865400,2521500,203182250,4985725,18940000,65559000,19026000,815655000,10945700,12120450,26562000,2177650,4269400
US,US-ID,ID-1,531700,467900,37705000,925200,3514700,12166000,3530500,151365000,2031200,2249250,4929000,404100,792200
US,US-ID,ID-2,542700,477550,38482750,944300,3587200,12417000,3603500,154485000,2073100,2295600,5031000,412450,808600
US,US-IL,IL-1,587900,517350,41689250,1022975,3886100,13452000,3904000,167355000,2245800,2486925,5450250,446800,876000
US,US-IL,IL-10,592400,521300,42004500,1030725,3915500,13553000,3933500,168622500,2262800,2505675,5491500,450200,882600
US,US-IL,IL-11,675200,594200,47881250,1174925,4463300,15450000,4483500,192217500,2579400,2856300,6259500,513200,1006200
US,US-IL,IL-12,688500,605900,48823750,1198050,4551200,15754000,4572000,195997500,2630200,2912475,6382500,523300,1026000
US,US-IL,IL-13,781700,687900,55428750,1360125,5166900,17885000,5190500,222510000,2986000,3306525,7246500,594100,1164800
US,US-IL,IL-14,1139600,1002900,80812500,1983000,7533100,26075000,7567500,324412500,4353500,4820700,10564500,866150,1698000
US,US-IL,IL-15,448200,394450,31785000,779950,2962900,10256000,2976500,127597500,1712300,1896075,4155000,340650,667800
US,US-IL,IL-16,571900,503250,40550500,995025,3780000,13084000,3797000,162787500,2184500,2418975,5301000,434600,852000
US,US-IL,IL-17,437000,384550,30985250,760325,2888300,9998000,2901500,124387500,1669200,1848375,4050750,332100,651000
US,US-IL,IL-18,417900,367750,29631250,727100,2762100,9561000,2774500,118950000,1596300,1767600,3873750,317600,622600
US,US-IL,IL-2,698200,614450,49512250,1214950,4615400,15976000,4636500,198765000,2667300,2953575,6472500,530650,1040400
US,US-IL,IL-3,830400,730800,58885750,1444950,5489100,19000000,5514000,236392500,3172200,3512700,7698000,631150,1237400
US,US-IL,IL-4,795100,699650,56379500,1383450,5255500,18192000,5279500,226327500,3037200,3363225,7370250,604250,1184600
US,US-IL,IL-5,980700,863050,69543250,1706450,6482600,22439000,6512000,279172500,3746400,4148475,9091500,745350,1461200
US,US-IL,IL-6,861900,758450,61114250,1499625,5696900,19719000,5722500,245332500,3292300,3645675,7989750,655000,1284200
US,US-IL,IL-7,1675200,1474200,118789250,2914875,11073100,38329000,11123500,476865000,6399300,7086150,15529500,1273150,2496000
US,US-IL,IL-8,978500,861100,69385750,1702600,6467900,22388000,6497500,278542500,3737900,4139100,9070500,743650,1458000
US,US-IL,IL-9,1056800,929950,74935750,1838775,6985300,24179000,7017000,300817500,4036900,4470150,9796500,803150,1574600
US,US-IN,IN-1,647200,569500,45890250,1126075,4277700,14807000,4297000,184222500,2472200,2737500,5999250,491850,964200
US,US-IN,IN-2,715500,629650,50736250,1244975,4729500,16371000,4751000,203677500,2733200,3026550,6633000,543800,1066200
US,US-IN,IN-3,738000,649500,52335000,1284200,4878500,16887000,4900500,210090000,2819300,3121950,6841500,560900,1099600
US,US-IN,IN-4,757300,666450,53701250,1317725,5005900,17327000,5028500,215580000,2892900,3203475,7020000,575550,1128400
US,US-IN,IN-5,1030100,906450,73042500,1792325,6808800,23568000,6839500,293220000,3934900,4357200,9549000,782850,1534800
US,US-IN,IN-6,741400,652400,52571000,1290000,4900500,16963000,4922500,211042500,2832100,3136050,6872250,563450,1104600
US,US-IN,IN-7,768700,676450,54509000,1337550,5081200,17588000,5104000,218820000,2936500,3251625,7125750,584200,1145400
US,US-IN,IN-8,634800,558650,45017250,1104625,4196400,14525000,4215500,180712500,2425100,2685375,5885250,482500,946000
US,US-IN,IN-9,945600,832150,67053750,1645375,6250500,21636000,6279000,269182500,3612300,3999975,8766000,718650,1409000
US,US-KS,KS-1,511500,450150,36271750,890050,3381100,11704000,3396500,145605000,1954000,2163750,4741500,388750,762200
US,US-KS,KS-2,958400,843350,67958250,1667575,6334800,21928000,6363500,272812500,3661000,4053900,8883750,728350,1428000
US,US-KS,KS-3,1314900,1157100,93238750,2287900,8691400,30085000,8731000,374295000,5022900,5562000,12189000,999300,1959200
US,US-KS,KS-4,612800,539300,43457000,1066350,4050900,14022000,4069500,174450000,2341100,2592375,5681250,465750,913200
US,US-KY,KY-1,959500,844400,68040000,1669575,6342500,21954000,6371500,273135000,3665400,4058775,8895000,729250,1429600
US,US-KY,KY-2,1261400,1110000,89445000,2194825,8337800,28861000,8375500,359070000,4818500,5335650,11693250,958650,1879400
US,US-KY,KY-3,1577900,1388600,111891500,2745625,10430200,36103000,10477500,449175000,6027700,6674700,14627250,1199250,2351200
US,US-KY,KY-4,1416400,1246450,100440250,2464625,9362700,32408000,9405000,403207500,5410800,5991600,13130250,1076500,2110600
US,US-KY,KY-5,973900,857000,69057250,1694550,6437300,22282000,6466500,277222500,3720200,4119450,9027750,740150,1451000
US,US-KY,KY-6,1793700,1578450,127189000,3120975,11856200,41039000,11910000,510585000,6851800,7587225,16627500,1363200,2672600
US,US-LA,LA-1,693200,610000,49152250,1206100,4581800,15860000,4602500,197317500,2647900,2932050,6426000,526800,1032800
US,US-LA,LA-2,631800,556000,44802250,1099350,4176300,14456000,4195500,179850000,2413500,2672550,5856750,480200,941400
US,US-LA,LA-3,499300,439350,35402000,868700,3300100,11423000,3315000,142117500,1907200,2111850,4628250,379450,743800
US,US-LA,LA-4,431600,379750,30601500,750900,2852600,9874000,2865500,122842500,1648500,1825500,4000500,328000,643000
US,US-LA,LA-5,367100,323050,26029750,638725,2426400,8399000,2437500,104490000,1402200,1552725,3402750,279000,547000
US,US-LA,LA-6,491200,432300,34834250,854775,3247100,11240000,3262000,139837500,1876600,2077950,4554000,373350,732000
US,US-MA,MA-1,934000,821900,66227750,1625100,6173500,21369000,6201500,265860000,3567800,3950700,8658000,709800,1391600
US,US-MA,MA-2,817400,719300,57962000,1422275,5403000,18702000,5427500,232680000,3122500,3457650,7577250,621250,1218000
US,US-MA,MA-3,898700,790800,63723750,1563650,5940100,20561000,5967000,255810000,3432900,3801300,8330250,683000,1339000
US,US-MA,MA-4,980400,862700,69517000,1705825,6480200,22431000,6509500,279067500,3745000,4146900,9087750,745050,1460800
US,US-MA,MA-5,1133700,997650,80391500,1972650,7493800,25939000,7528000,322725000,4330800,4795575,10509750,861600,1689200
US,US-MA,MA-6,901300,793200,63914750,1568350,5957900,20623000,5985000,256575000,3443200,3812700,8355750,685000,1343000
US,US-MA,MA-7,1013500,891850,71864000,1763400,6698900,23188000,6729500,288487500,3871400,4286925,9394500,770250,1510000
US,US-MA,MA-8,1608000,1415100,114026750,2798000,10629200,36792000,10677500,457747500,6142700,6802050,14906250,1222100,2396000
US,US-MA,MA-9,928700,817250,65854500,1615950,6138800,21249000,6166500,264367500,3547700,3928425,8609250,705800,1383800
US,US-MD,MD-1,519900,457500,36865250,904600,3436500,11895000,3452000,147990000,1986000,2199150,4819500,395100,774600
US,US-MD,MD-2,721100,634600,51135250,1254775,4766700,16499000,4788500,205275000,2754700,3050400,6684750,548050,1074400
US,US-MD,MD-3,634800,558600,45013500,1104550,4196000,14524000,4215000,180705000,2424900,2685225,5884500,482450,945800
US,US-MD,MD-4,559500,492400,39677750,973625,3698600,12802000,3715500,159285000,2137500,2366925,5187000,425250,833800
US,US-MD,MD-5,817800,719650,57987500,1422900,5405400,18710000,5430000,232785000,3123900,3459150,7581000,621500,1218400
US,US-MD,MD-6,777300,684000,55117750,1352475,5137900,17784000,5161000,221265000,2969300,3287925,7205250,590750,1158200
US,US-MD,MD-7,454200,399750,32210500,790375,3002600,10393000,3016000,129307500,1735200,1921425,4210500,345250,676800
US,US-MD,MD-8,1160100,1020850,82260250,2018500,7668000,26542000,7703000,330225000,4431400,4907100,10753500,881650,1728400
US,US-ME,ME-1,2806500,2469750,199010250,4883350,18551100,64213000,18635500,798900000,10720900,11871600,26016750,2132950,4181800
US,US-ME,ME-2,2536100,2231750,179833000,4412775,16763400,58025000,16839500,721920000,9687800,10727625,23509500,1927400,3778800
US,US-MI,MI-1,1186300,1043950,84121750,2064200,7841600,27143000,7877000,337695000,4531700,5018100,10997250,901600,1767600
US,US-MI,MI-10,1279100,1125600,90699250,2225600,8454700,29265000,8493000,364102500,4886100,5410500,11856750,972100,1905800
US,US-MI,MI-11,2530800,2227150,179461500,4403650,16728800,57906000,16804500,720427500,9667800,10705425,23460750,1923450,3771000
US,US-MI,MI-12,2079400,1829850,147448000,3618100,13744600,47576000,13807000,591915000,7943200,8795700,19275750,1580300,3098200
US,US-MI,MI-13,1663500,1463850,117957500,2894450,10995600,38060000,11045500,473527500,6354500,7036500,15420750,1264250,2478600
US,US-MI,MI-14,2091000,1840050,148270500,3638275,13821300,47841000,13884000,595215000,7987500,8844750,19383000,1589150,3115600
US,US-MI,MI-2,1370000,1205600,97148500,2383850,9055900,31346000,9097000,389992500,5233500,5795175,12700500,1041200,2041400
US,US-MI,MI-3,1634700,1438550,115919250,2844450,10805600,37403000,10854500,465345000,6244700,6914925,15153750,1242400,2435800
US,US-MI,MI-4,1106100,973350,78432000,1924575,7311200,25307000,7344500,314857500,4225200,4678725,10253250,840600,1648000
US,US-MI,MI-5,1371900,1207250,97281250,2387100,9068200,31389000,9109500,390525000,5240600,5803125,12717750,1042650,2044200
US,US-MI,MI-6,1291500,1136500,91577750,2247150,8536600,29549000,8575500,367627500,4933400,5462925,11972250,981500,1924200
US,US-MI,MI-7,1261900,1110500,89484750,2195800,8341500,28873000,8379500,359227500,4820600,5338050,11698500,959100,1880400
US,US-MI,MI-8,1813900,1596200,128622750,3156175,11989800,41502000,12044000,516337500,6929000,7672725,16815000,1378550,2702600
US,US-MI,MI-9,1651600,1453400,117113750,2873750,10917000,37788000,10966500,470137500,6309000,6986175,15310500,1255200,2460800
US,US-MN,MN-1,1436900,1264450,101888250,2500150,9497700,32876000,9541000,409020000,5488800,6077925,13320000,1092000,2141000
US,US-MN,MN-2,1416300,1246300,100426750,2464300,9361500,32404000,9404000,403155000,5410100,5990775,13128750,1076350,2110200
US,US-MN,MN-3,1209700,1064550,85781500,2104925,7996300,27678000,8032500,344362500,4621100,5117100,11214000,919400,1802400
US,US-MN,MN-4,1473400,1296600,104479500,2563725,9739200,33712000,9783500,419422500,5628400,6232500,13658250,1119800,2195400
US,US-MN,MN-5,2839500,2498750,201348750,4940725,18769100,64968000,18854500,808290000,10846900,12011100,26322000,2158000,4230800
US,US-MN,MN-6,858300,755300,60859750,1493375,5673100,19637000,5699000,244312500,3278600,3630450,7956000,652300,1278800
US,US-MN,MN-7,852300,750000,60435000,1482950,5633500,19500000,5659000,242610000,3255700,3605100,7900500,647750,1269800
US,US-MN,MN-8,928700,817250,65855000,1615950,6138800,21249000,6166500,264367500,3547700,3928425,8609250,705800,1383800
US,US-MO,MO-1,1970000,1733600,139694500,3427850,13021900,45074000,13081000,560790000,7525500,8333175,18262500,1497200,2935400
US,US-MO,MO-2,1119300,985000,79370000,1947600,7398600,25610000,7432000,318622500,4275800,4734675,10376250,850650,1667800
US,US-MO,MO-3,912000,802600,64671250,1586925,6028400,20867000,6056000,259612500,3483900,3857850,8454750,693150,1359000
US,US-MO,MO-4,919500,809200,65205000,1600000,6078200,21039000,6106000,261757500,3512700,3889650,8524500,698850,1370200
US,US-MO,MO-5,1456900,1282100,103310000,2535025,9630200,33334000,9674000,414727500,5565400,6162750,13506000,1107250,2170800
US,US-MO,MO-6,840600,739700,59605500,1462600,5556200,19232000,5581500,239280000,3211000,3555675,7792500,638850,1252400
US,US-MO,MO-7,1004600,884100,71238500,1748050,6640600,22986000,6671000,285982500,3837700,4249575,9312750,763500,1497000
US,US-MO,MO-8,723100,636350,51276500,1258225,4779800,16545000,4801500,205845000,2762300,3058800,6703500,549550,1077400
US,US-MS,MS-1,605800,533150,42959000,1054125,4004500,13861000,4022500,172455000,2314300,2562675,5616000,460450,902600
US,US-MS,MS-2,483700,425650,34297500,841600,3197100,11067000,3211500,137685000,1847600,2045925,4483500,367600,720600
US,US-MS,MS-3,692600,609500,49111500,1205100,4578000,15846000,4599000,197152500,2645700,2929650,6420000,526350,1032000
US,US-MS,MS-4,721900,635250,51188500,1256075,4771600,16517000,4793500,205492500,2757600,3053550,6691500,548650,1075600
US,US-MT,MT-AT LARGE,5286800,4652400,374886500,9199025,34945700,120962000,35104500,1504942500,20195600,22363125,49008750,4017950,7877400
US,US-NC,NC-1,1757900,1547000,124655000,3058800,11619900,40222000,11672500,500415000,6715300,7436025,16296000,1336050,2619400
US,US-NC,NC-10,1392600,1225550,98752250,2423200,9205400,31864000,9247000,396427500,5319900,5890875,12909750,1058400,2075000
US,US-NC,NC-11,1860500,1637250,131929750,3237300,12298100,42569000,12354000,529620000,7107200,7870050,17247000,1414000,2772200
US,US-NC,NC-12,3160300,2781100,224098500,5498975,20889700,72308000,20984500,899617500,12072400,13368150,29296500,2401850,4708800
US,US-NC,NC-13,1622700,1427950,115062750,2823425,10725800,37126000,10774500,461902500,6198600,6863850,15042000,1233200,2417800
US,US-NC,NC-2,2463900,2168200,174712750,4287125,16286200,56373000,16360000,701362500,9412000,10422150,22839750,1872550,3671200
US,US-NC,NC-3,1453400,1279000,103062000,2528950,9607100,33254000,9650500,413730000,5552100,6147975,13473000,1104600,2165600
US,US-NC,NC-4,2478600,2181150,175757000,4312750,16383500,56710000,16458000,705555000,9468200,10484475,22976250,1883750,3693200
US,US-NC,NC-5,1805500,1588850,128027500,3141550,11934300,41310000,11988500,513952500,6897000,7637250,16737000,1372200,2690200
US,US-NC,NC-6,1780400,1566750,126247500,3097875,11768400,40735000,11822000,506805000,6801100,7531050,16504500,1353100,2652800
US,US-NC,NC-7,1852600,1630300,131369250,3223550,12245800,42388000,12301500,527370000,7077000,7836600,17173500,1408000,2760400
US,US-NC,NC-8,1992800,1753650,141308750,3467450,13172300,45595000,13232000,567270000,7612500,8429475,18473250,1514500,2969200
US,US-NC,NC-9,2158900,1899850,153089000,3756525,14270500,49396000,14335000,614557500,8247100,9132225,20013000,1640800,3216800
US,US-ND,ND-AT LARGE,1155600,1016900,81943000,2010725,7638500,26440000,7673000,328950000,4414400,4888125,10712250,878250,1721800
US,US-NE,NE-1,432500,380600,30667250,752525,2858700,9895000,2871500,123112500,1652100,1829400,4008750,328700,644400
US,US-NE,NE-2,1162500,1023000,82431750,2022725,7684000,26598000,7719000,330915000,4440700,4917300,10776000,883500,1732200
US,US-NE,NE-3,282400,248500,20024750,491375,1866600,6461000,1875000,80385000,1078800,1194525,2617500,214600,420800
US,US-NH,NH-1,2775100,2442100,196783250,4828700,18343500,63495000,18426500,789960000,10600900,11738700,25725000,2109100,4135000
US,US-NH,NH-2,2440200,2147400,173037250,4246025,16130000,55833000,16203000,694635000,9321700,10322175,22620750,1854600,3636000
US,US-NJ,NJ-1,907000,798150,64316250,1578200,5995400,20752000,6022500,258187500,3464800,3836700,8408250,689350,1351400
US,US-NJ,NJ-10,690100,607250,48932500,1200700,4561300,15789000,4582000,196432500,2636000,2919000,6396750,524450,1028200
US,US-NJ,NJ-11,957500,842600,67897750,1666075,6329200,21908000,6358000,272565000,3657700,4050300,8876250,727700,1426800
US,US-NJ,NJ-12,692900,609800,49136250,1205725,4580300,15854000,4601000,197250000,2647000,2931150,6423750,526650,1032400
US,US-NJ,NJ-2,733900,645850,52042000,1277025,4851200,16792000,4873000,208920000,2803600,3104475,6803250,557800,1093600
US,US-NJ,NJ-3,1234300,1086150,87523250,2147650,8158600,28240000,8195500,351352500,4715000,5221050,11442000,938050,1839000
US,US-NJ,NJ-4,710000,624800,50348000,1235450,4693300,16245000,4714500,202117500,2712300,3003450,6582000,539600,1058000
US,US-NJ,NJ-5,785100,690850,55668750,1366000,5189300,17962000,5213000,223477500,2998900,3320850,7277250,596650,1169800
US,US-NJ,NJ-6,654300,575750,46393000,1138400,4324600,14969000,4344000,186240000,2499200,2767500,6065250,497250,974800
US,US-NJ,NJ-7,1426200,1255050,101130750,2481550,9427100,32631000,9470000,405975000,5448000,6032775,13221000,1083900,2125000
US,US-NJ,NJ-8,1153700,1015300,81810750,2007475,7626100,26397000,7661000,328417500,4407200,4880250,10695000,876850,1719000
US,US-NJ,NJ-9,923200,812450,65465750,1606400,6102500,21123000,6130000,262807500,3526700,3905250,8558250,701650,1375600
US,US-NM,NM-1,632000,556200,44817500,1099750,4177700,14461000,4196500,179917500,2414400,2673525,5859000,480350,941800
US,US-NM,NM-2,1059100,932050,75102250,1842875,7000800,24233000,7032500,301492500,4045800,4480050,9818250,804950,1578000
US,US-NM,NM-3,552900,486550,39206500,962050,3654700,12650000,3671500,157387500,2112100,2338800,5125500,420200,823800
US,US-NV,NV-1,2987200,2628700,211821250,5197700,19745300,68347000,19835000,850335000,11411000,12635775,27691500,2270250,4451000
US,US-NV,NV-2,1963400,1727800,139224000,3416300,12978000,44922000,13037000,558900000,7500200,8305125,18201000,1492200,2925400
US,US-NV,NV-3,2859100,2516050,202740500,4974875,18898800,65417000,18984500,813877500,10921900,12094125,26504250,2172950,4260000
US,US-NV,NV-4,1547000,1361300,109694500,2691700,10225400,35394000,10272000,440355000,5909400,6543600,14340000,1175700,2305000
US,US-NY,NY-1,943500,830250,66900000,1641600,6236200,21586000,6264500,268560000,3604000,3990825,8745750,717000,1405800
US,US-NY,NY-10,1134000,997900,80411250,1973150,7495700,25946000,7529500,322800000,4331800,4796775,10512000,861850,1689600
US,US-NY,NY-11,1055600,928900,74850250,1836675,6977300,24151000,7009000,300480000,4032300,4465050,9785250,802250,1572800
US,US-NY,NY-12,1133800,997750,80399000,1972850,7494500,25942000,7528500,322755000,4331200,4796025,10510500,861700,1689400
US,US-NY,NY-13,639800,563050,45369250,1113275,4229200,14639000,4248500,182130000,2444100,2706450,5931000,486250,953400
US,US-NY,NY-14,815600,717750,57837000,1419225,5391400,18662000,5416000,232177500,3115700,3450150,7560750,619900,1215400
US,US-NY,NY-15,687700,605150,48761750,1196525,4545400,15734000,4566000,195750000,2626900,2908800,6374250,522600,1024600
US,US-NY,NY-16,849900,747850,60263000,1478750,5617500,19445000,5643000,241920000,3246400,3594900,7878000,645900,1266200
US,US-NY,NY-17,710700,625400,50395250,1236600,4697700,16261000,4719000,202305000,2714800,3006225,6588000,540150,1059000
US,US-NY,NY-18,647400,569700,45908250,1126500,4279400,14813000,4299000,184290000,2473100,2738550,6001500,492050,964600
US,US-NY,NY-19,985500,867250,69883500,1714800,6514300,22549000,6544000,280537500,3764700,4168800,9135750,749000,1468400
US,US-NY,NY-2,695200,611750,49294500,1209600,4595100,15905000,4616000,197887500,2655600,2940600,6444000,528350,1035800
US,US-NY,NY-20,661200,581850,46887000,1150525,4370700,15129000,4390500,188220000,2525900,2796975,6129750,502550,985200
US,US-NY,NY-21,484800,426650,34377750,843575,3204600,11092000,3219000,138007500,1852000,2050725,4494000,368450,722400
US,US-NY,NY-22,980700,862950,69538000,1706325,6482100,22437000,6511500,279150000,3746100,4148175,9090750,745300,1461200
US,US-NY,NY-23,515100,453250,36522500,896200,3404500,11784000,3420000,146617500,1967500,2178675,4774500,391450,767400
US,US-NY,NY-24,780300,686700,55333750,1357800,5158000,17854000,5181500,222127500,2980900,3300825,7233750,593050,1162800
US,US-NY,NY-25,529900,466350,37577000,922075,3502800,12125000,3518500,150847500,2024300,2241600,4912500,402750,789600
US,US-NY,NY-26,565700,497850,40117000,984400,3739600,12944000,3756500,161047500,2161100,2393100,5244750,429950,843000
US,US-NY,NY-27,400100,352050,28369500,696125,2644500,9154000,2656500,113887500,1528300,1692300,3708750,304050,596200
US,US-NY,NY-3,701700,617500,49758250,1220975,4638300,16055000,4659500,199747500,2680500,2968275,6504750,533300,1045600
US,US-NY,NY-4,671100,590600,47589750,1167775,4436200,15355000,4456500,191047500,2563700,2838900,6221250,510050,1000000
US,US-NY,NY-5,594700,523350,42172250,1034825,3931200,13607000,3949000,169297500,2271900,2515725,5513250,452000,886200
US,US-NY,NY-6,531600,467800,37695750,924975,3513900,12163000,3530000,151327500,2030700,2248650,4928250,404000,792000
US,US-NY,NY-7,834600,734450,59181250,1452200,5516700,19096000,5541500,237577500,3188200,3530325,7737000,634300,1243600
US,US-NY,NY-8,369100,324800,26170250,642175,2439500,8444000,2450500,105060000,1409800,1561125,3421500,280500,550000
US,US-NY,NY-9,611000,537650,43323750,1063075,4038500,13979000,4057000,173917500,2333900,2584425,5664000,464350,910400
US,US-OH,OH-1,1218000,1071900,86371750,2119400,8051300,27869000,8088000,346732500,4652900,5152350,11291250,925700,1814800
US,US-OH,OH-10,707800,622850,50188250,1231525,4678400,16194000,4699500,201472500,2703700,2993850,6561000,537900,1054600
US,US-OH,OH-11,882700,776800,62594000,1535950,5834800,20197000,5861500,251280000,3372000,3733950,8182500,670850,1315200
US,US-OH,OH-12,1021100,898600,72409250,1776775,6749700,23364000,6780500,290677500,3900800,4319400,9465750,776050,1521600
US,US-OH,OH-13,641900,564850,45515500,1116875,4242800,14686000,4262000,182715000,2452000,2715150,5950500,487850,956400
US,US-OH,OH-14,856400,753600,60725750,1490100,5660700,19594000,5686500,243780000,3271400,3622500,7938750,650850,1276000
US,US-OH,OH-15,1077100,947850,76378500,1874200,7119800,24644000,7152000,306615000,4114600,4556250,9984750,818600,1605000
US,US-OH,OH-16,737400,648950,52291750,1283150,4874500,16873000,4896500,209917500,2817000,3119325,6836250,560450,1098800
US,US-OH,OH-2,940700,827850,66706500,1636850,6218200,21524000,6246500,267787500,3593500,3979275,8720250,714950,1401600
US,US-OH,OH-3,813200,715650,57667500,1415050,5375600,18607000,5400000,231502500,3106600,3440025,7539000,618050,1211800
US,US-OH,OH-4,707200,622300,50144750,1230450,4674300,16180000,4695500,201300000,2701400,2991300,6555750,537450,1053600
US,US-OH,OH-5,713300,627700,50581750,1241175,4715100,16321000,4736500,203055000,2724900,3017325,6612750,542150,1062800
US,US-OH,OH-6,505200,444600,35825750,879100,3339600,11560000,3354500,143820000,1930000,2137125,4683750,383950,752800
US,US-OH,OH-7,651700,573550,46214750,1134025,4308000,14912000,4327500,185527500,2489600,2756850,6041250,495300,971000
US,US-OH,OH-8,632600,556700,44860500,1100800,4181800,14475000,4200500,180090000,2416700,2676075,5864250,480800,942600
US,US-OH,OH-9,587100,516600,41628750,1021500,3880500,13432000,3898000,167115000,2242600,2483325,5442000,446150,874800
US,US-OK,OK-1,724600,637650,51383000,1260850,4789800,16579000,4811500,206272500,2768100,3065175,6717000,550700,1079600
US,US-OK,OK-2,408200,359200,28944250,710250,2698100,9339000,2710500,116190000,1559300,1726650,3783750,310200,608200
US,US-OK,OK-3,426700,375550,30260000,742525,2820700,9764000,2833500,121477500,1630100,1805100,3955500,324300,635800
US,US-OK,OK-4,495200,435750,35112000,861575,3273000,11329000,3288000,140955000,1891500,2094525,4590000,376300,737800
US,US-OK,OK-5,993800,874600,70473250,1729275,6569300,22739000,6599000,282907500,3796500,4203975,9213000,755300,1480800
US,US-OR,OR-1,799400,703500,56689000,1391050,5284400,18291000,5308500,227572500,3053900,3381675,7410750,607600,1191200
US,US-OR,OR-2,802600,706300,56914750,1396575,5305400,18364000,5329500,228480000,3066100,3395175,7440750,610000,1196000
US,US-OR,OR-3,960800,845550,68133000,1671850,6351100,21984000,6380000,273510000,3670400,4064325,8907000,730250,1431600
US,US-OR,OR-4,621800,547200,44093750,1081975,4110300,14227000,4129000,177007500,2375400,2630325,5764500,472600,926600
US,US-OR,OR-5,811300,713950,57528000,1411625,5362600,18562000,5387000,230940000,3099100,3431700,7520250,616550,1208800
US,US-PA,PA-1,2126600,1871450,150800250,3700350,14057100,48658000,14121000,605370000,8123800,8995725,19713750,1616250,3168600
US,US-PA,PA-10,1580400,1390800,112068750,2749950,10446700,36160000,10494000,449887500,6037300,6685275,14650500,1201150,2354800
US,US-PA,PA-11,1275600,1122500,90452000,2219525,8431600,29185000,8470000,363112500,4872800,5395725,11824500,969450,1900600
US,US-PA,PA-12,1133000,997000,80339250,1971375,7489000,25923000,7523000,322515000,4328000,4792500,10503000,861050,1688200
US,US-PA,PA-13,1131900,996050,80262000,1969475,7481800,25898000,7515500,322200000,4323800,4787850,10492500,860250,1686600
US,US-PA,PA-14,1337800,1177200,94860000,2327700,8842500,30608000,8882500,380805000,5110200,5658675,12401250,1016700,1993200
US,US-PA,PA-15,899000,791100,63746500,1564225,5942200,20569000,5969000,255900000,3434100,3802650,8333250,683200,1339400
US,US-PA,PA-16,1314300,1156550,93195250,2286825,8687400,30071000,8727000,374122500,5020500,5559375,12183000,998850,1958200
US,US-PA,PA-17,1139600,1002800,80806750,1982850,7532500,26073000,7566500,324390000,4353100,4820400,10563750,866050,1698000
US,US-PA,PA-18,2155700,1897000,152858000,3750850,14248900,49322000,14313500,613627500,8234600,9118425,19983000,1638300,3212000
US,US-PA,PA-2,1767400,1555300,125323500,3075200,11682200,40437000,11735500,503092500,6751300,7475925,16383750,1343200,2633400
US,US-PA,PA-3,1946800,1713200,138050250,3387500,12868600,44544000,12927000,554190000,7436900,8235150,18047250,1479600,2900800
US,US-PA,PA-4,1773200,1560400,125735750,3085325,11720700,40570000,11774000,504750000,6773500,7500525,16437000,1347600,2642000
US,US-PA,PA-5,1819200,1600900,129001250,3165450,12025100,41624000,12079500,517860000,6949400,7695300,16864500,1382600,2710600
US,US-PA,PA-6,1674600,1473650,118746500,2913825,11069200,38315000,11119500,476692500,6397000,7083600,15523500,1272700,2495200
US,US-PA,PA-7,1506600,1325800,106834000,2621500,9958700,34471000,10004000,428872500,5755300,6372975,13966500,1145050,2244800
US,US-PA,PA-8,1400400,1232400,99305250,2436775,9256900,32042000,9299000,398647500,5349700,5923875,12981750,1064350,2086600
US,US-PA,PA-9,1109000,975950,78642000,1929725,7330800,25375000,7364000,315697500,4236500,4691250,10281000,842850,1652400
US,US-RI,RI-1,436400,384000,30942250,759275,2884300,9984000,2897500,124215000,1666900,1845825,4044750,331650,650200
US,US-RI,RI-2,396300,348800,28104250,689625,2619800,9068000,2631500,112822500,1514000,1676475,3674250,301200,590600
US,US-SC,SC-1,1797400,1581700,127452000,3127425,11880700,41124000,11934500,511642500,6866000,7602900,16662000,1366000,2678000
US,US-SC,SC-2,1411100,1241750,100060000,2455300,9327300,32286000,9369500,401677500,5390300,5968875,13080750,1072400,2102600
US,US-SC,SC-3,912100,802600,64673750,1586975,6028700,20868000,6056000,259627500,3484100,3858000,8454750,693150,1359000
US,US-SC,SC-4,1278600,1125200,90668000,2224825,8451800,29255000,8490000,363975000,4884400,5408625,11853000,971750,1905200
US,US-SC,SC-5,1647500,1449800,116823500,2866625,10889900,37695000,10939500,468975000,6293400,6968850,15272250,1252100,2454800
US,US-SC,SC-6,1045500,920050,74135250,1819150,6910600,23921000,6942000,297607500,3993700,4422375,9691500,794550,1557800
US,US-SC,SC-7,1404800,1236200,99613250,2444325,9285600,32141000,9328000,399885000,5366300,5942250,13022250,1067650,2093200
US,US-SD,SD-AT LARGE,496200,436700,35187500,863450,3280100,11354000,3295000,141255000,1895600,2099025,4599750,377150,739400
US,US-TN,TN-1,997800,878050,70754000,1736175,6595500,22830000,6625500,284032500,3811600,4220700,9249750,758350,1486800
US,US-TN,TN-2,1112500,978950,78884500,1935675,7353400,25453000,7386500,316672500,4249600,4705725,10312500,845450,1657600
US,US-TN,TN-3,995400,875950,70584250,1732000,6579600,22775000,6609500,283350000,3802400,4210575,9227250,756500,1483200
US,US-TN,TN-4,1064400,936650,75476750,1852050,7035700,24353000,7067500,302992500,4066000,4502400,9867000,808950,1586000
US,US-TN,TN-5,2359700,2076550,167328750,4105950,15597900,53991000,15668500,671722500,9014200,9981675,21874500,1793400,3516000
US,US-TN,TN-6,957900,842950,67926000,1666775,6331800,21917000,6360500,272677500,3659200,4052025,8880000,728000,1427200
US,US-TN,TN-7,974700,857700,69113250,1695900,6442500,22300000,6472000,277447500,3723200,4122825,9035250,740750,1452200
US,US-TN,TN-8,759100,667950,53824750,1320750,5017400,17367000,5040000,216075000,2899600,3210825,7036500,576900,1131000
US,US-TN,TN-9,1435100,1262900,101763750,2497100,9486100,32835000,9529000,408517500,5482100,6070500,13303500,1090700,2138400
US,US-TX,TX-1,488500,429850,34637000,849925,3228800,11176000,3243500,139050000,1865900,2066175,4527750,371250,727800
US,US-TX,TX-10,1074000,945100,76157750,1868775,7099200,24573000,7131500,305722500,4102700,4543050,9956250,816250,1600200
US,US-TX,TX-11,476900,419650,33816000,829775,3152200,10911000,3166500,135750000,1821700,2017200,4420500,362450,710600
US,US-TX,TX-12,666100,586200,47235250,1159075,4403100,15241000,4423000,189622500,2544600,2817750,6174750,506250,992600
US,US-TX,TX-13,437300,384800,31007500,760875,2890400,10005000,2903500,124477500,1670400,1849725,4053750,332350,651600
US,US-TX,TX-14,518400,456200,36760750,902050,3426700,11861000,3442500,147570000,1980300,2192925,4806000,394000,772400
US,US-TX,TX-15,599300,527400,42497000,1042800,3961400,13712000,3979500,170602500,2289400,2535075,5555250,455500,893000
US,US-TX,TX-16,639500,562700,45343750,1112650,4226800,14631000,4246000,182025000,2442700,2704875,5928000,486000,952800
US,US-TX,TX-17,500000,440000,35453500,869950,3304900,11439000,3320000,142320000,1909900,2114925,4635000,380000,745000
US,US-TX,TX-18,1549300,1363450,109864250,2695875,10241200,35449000,10287500,441037500,5918500,6553725,14362500,1177500,2308600
US,US-TX,TX-19,421400,370850,29882000,733250,2785500,9642000,2798000,119955000,1609800,1782525,3906750,320250,627800
US,US-TX,TX-2,738000,649400,52328250,1284025,4877900,16884000,4900000,210067500,2819000,3121575,6840750,560850,1099600
US,US-TX,TX-20,524600,461650,37200750,912850,3467700,12003000,3483500,149340000,2004000,2219175,4863000,398700,781600
US,US-TX,TX-21,1030200,906550,73050500,1792525,6809500,23571000,6840500,293250000,3935300,4357725,9549750,782950,1535000
US,US-TX,TX-22,987700,869150,70035000,1718525,6528400,22598000,6558000,281145000,3772900,4177800,9155250,750600,1471600
US,US-TX,TX-23,958200,843250,67948750,1667325,6334000,21925000,6362500,272775000,3660500,4053375,8883000,728250,1427800
US,US-TX,TX-24,1302100,1145900,92335250,2265725,8607200,29793000,8646500,370672500,4974200,5508075,12071250,989650,1940200
US,US-TX,TX-25,1175900,1034850,83386250,2046150,7773000,26906000,7808500,334747500,4492100,4974225,10901250,893700,1752200
US,US-TX,TX-26,723000,636250,51268000,1258025,4779000,16542000,4800500,205807500,2761900,3058275,6702000,549500,1077200
US,US-TX,TX-27,990500,871650,70239000,1723525,6547500,22664000,6577000,281970000,3783900,4189950,9182250,752800,1476000
US,US-TX,TX-28,773900,681000,54874500,1346525,5115200,17706000,5138500,220290000,2956100,3273450,7173750,588150,1153000
US,US-TX,TX-29,481500,423750,34145500,837875,3182900,11017000,3197500,137070000,1839400,2036850,4464000,365950,717400
US,US-TX,TX-3,947300,833600,67171750,1648275,6261500,21674000,6290000,269655000,3618600,4007025,8781000,719950,1411400
US,US-TX,TX-30,1381800,1216000,97986750,2404425,9134000,31617000,9175500,393360000,5278700,5845200,12810000,1050200,2059000
US,US-TX,TX-31,908000,799000,64384750,1579875,6001700,20775000,6029000,258465000,3468500,3840750,8417250,690050,1352800
US,US-TX,TX-32,1649000,1451100,116928750,2869225,10899700,37729000,10949000,469395000,6299100,6975150,15285750,1253200,2457000
US,US-TX,TX-33,634500,558400,44993750,1104075,4194200,14518000,4213000,180622500,2423900,2684025,5882250,482250,945400
US,US-TX,TX-34,388000,341450,27515500,675175,2564900,8878000,2576500,110460000,1482300,1641375,3597000,294900,578200
US,US-TX,TX-35,370400,325950,26265750,644525,2448400,8475000,2459500,105442500,1415000,1566825,3433500,281500,552000
US,US-TX,TX-36,612400,538900,43425250,1065575,4048000,14012000,4066500,174322500,2339400,2590425,5676750,465400,912400
US,US-TX,TX-4,886400,780000,62851500,1542250,5858800,20280000,5885500,252307500,3385900,3749325,8216250,673650,1320600
US,US-TX,TX-5,846800,745200,60048500,1473475,5597500,19375000,5623000,241057500,3234900,3582075,7850250,643600,1261800
US,US-TX,TX-6,870100,765700,61698750,1513975,5751400,19908000,5777500,247680000,3323800,3680550,8065500,661300,1296400
US,US-TX,TX-7,1492600,1313450,105837500,2597050,9865800,34150000,9910500,424875000,5701600,6313500,13836000,1134350,2224000
US,US-TX,TX-8,794600,699300,56347750,1382675,5252600,18181000,5276500,226200000,3035500,3361350,7366500,603950,1184000
US,US-TX,TX-9,624600,549650,44291500,1086825,4128700,14291000,4147500,177802500,2386000,2642100,5790000,474700,930600
US,US-UT,UT-1,665400,585550,47184250,1157825,4398400,15225000,4418500,189412500,2541900,2814675,6168000,505700,991400
US,US-UT,UT-2,1252000,1101800,88782500,2178550,8276000,28647000,8313500,356407500,4782800,5296125,11606250,951550,1865600
US,US-UT,UT-3,605300,532650,42920000,1053175,4000900,13849000,4019000,172297500,2312200,2560350,5610750,460000,901800
US,US-UT,UT-4,815100,717250,57796000,1418200,5387500,18649000,5412000,232012500,3113500,3447675,7555500,619450,1214400
US,US-VA,VA-1,760800,669500,53949000,1323800,5029000,17407000,5052000,216570000,2906300,3218250,7053000,578200,1133600
US,US-VA,VA-10,1578400,1389000,111925500,2746450,10433300,36114000,10480500,449310000,6029600,6676725,14631750,1199600,2351800
US,US-VA,VA-11,1339000,1178350,94951750,2329925,8851100,30637000,8891500,381172500,5115100,5664150,12413250,1017650,1995200
US,US-VA,VA-2,1752600,1542350,124280000,3049600,11585000,40101000,11637500,498907500,6695100,7413675,16247250,1332000,2611400
US,US-VA,VA-3,679500,597950,48181250,1182275,4491300,15546000,4511500,193417500,2595600,2874150,6298500,516400,1012400
US,US-VA,VA-4,1081600,951800,76695000,1881950,7149300,24747000,7181500,307882500,4131600,4575075,10026000,822000,1611600
US,US-VA,VA-5,808800,711700,57348750,1407225,5345900,18504000,5370000,230220000,3089400,3421050,7497000,614650,1205000
US,US-VA,VA-6,711800,626400,50473750,1238525,4705000,16286000,4726500,202620000,2719100,3010875,6598500,540950,1060600
US,US-VA,VA-7,1105400,972750,78384750,1923425,7306800,25292000,7340000,314670000,4222700,4675875,10247250,840100,1647000
US,US-VA,VA-8,1737100,1528600,123175750,3022500,11482100,39744000,11534000,494475000,6635600,7347825,16102500,1320200,2588200
US,US-VA,VA-9,547200,481550,38805000,952200,3617300,12521000,3633500,155775000,2090500,2314800,5073000,415900,815400
US,US-VT,VT-AT LARGE,695200,611800,49296750,1209650,4595300,15906000,4616000,197895000,2655700,2940675,6444750,528350,1035800
US,US-WA,WA-1,957900,843000,67927000,1666800,6331900,21917000,6360500,272685000,3659300,4052025,8880000,728050,1427400
US,US-WA,WA-10,797500,701800,56550250,1387650,5271400,18247000,5295500,227017500,3046400,3373425,7392750,606100,1188200
US,US-WA,WA-2,704200,619750,49938250,1225400,4655100,16113000,4676000,200475000,2690200,2979000,6528750,535250,1049400
US,US-WA,WA-3,843900,742650,59840500,1468375,5578100,19308000,5603500,240225000,3223700,3569700,7823250,641350,1257400
US,US-WA,WA-4,501900,441700,35591500,873350,3317700,11484000,3333000,142875000,1917400,2123175,4653000,381450,747800
US,US-WA,WA-5,729300,641800,51715250,1269000,4820700,16687000,4842500,207607500,2786000,3084975,6760500,554300,1086600
US,US-WA,WA-6,844500,743200,59885000,1469475,5582300,19323000,5607500,240405000,3226100,3572325,7828500,641850,1258400
US,US-WA,WA-7,1265400,1113550,89731000,2201825,8364400,28953000,8402500,360217500,4833900,5352750,11730750,961700,1885400
US,US-WA,WA-8,991100,872150,70278500,1724500,6551100,22676000,6581000,282127500,3786000,4192350,9187500,753250,1476800
US,US-WA,WA-9,1115800,981850,79117750,1941400,7375100,25528000,7408500,317610000,4262200,4719600,10343250,847950,1662400
US,US-WI,WI-1,1525800,1342700,108194000,2654875,10085500,34910000,10131500,434332500,5828500,6454125,14144250,1159600,2273400
US,US-WI,WI-2,1792600,1577450,127110250,3119050,11848800,41014000,11902500,510270000,6847600,7582500,16617000,1362350,2671000
US,US-WI,WI-3,1373300,1208450,97378250,2389475,9077300,31420000,9118500,390915000,5245900,5808900,12730500,1043700,2046200
US,US-WI,WI-4,2181600,1919850,154699500,3796050,14420600,49916000,14486000,621022500,8333800,9228300,20223750,1658050,3250600
US,US-WI,WI-5,1426600,1255450,101162000,2482325,9430000,32641000,9473000,406102500,5449700,6034650,13224750,1084250,2125600
US,US-WI,WI-6,1341800,1180750,95145500,2334700,8869200,30700000,8909500,381952500,5125600,5675700,12438000,1019750,1999200
US,US-WI,WI-7,1186900,1044450,84162500,2065200,7845400,27156000,7881000,337860000,4533900,5020575,11002500,902050,1768400
US,US-WI,WI-8,1360800,1197500,96496000,2367825,8995000,31136000,9036000,387375000,5198300,5756250,12615000,1034250,2027600
US,US-WV,WV-1,592800,521700,42038250,1031550,3918700,13564000,3936500,168757500,2264700,2507700,5496000,450550,883400
US,US-WV,WV-2,660500,581250,46838000,1149325,4366100,15113000,4386000,188025000,2523200,2794050,6123000,502000,984200
US,US-WV,WV-3,568700,500500,40328750,989600,3759300,13013000,3776500,161895000,2172500,2405700,5272500,432250,847400
US,US-WY,WY-AT LARGE,440500,387700,31239000,766550,2912000,10080000,2925000,125407500,1682900,1863525,4083750,334800,656400
